id,type,question,choices,answer,orig_explanation,our_explanation
cabdfc174953b4bdb8bdcc89d6592c74,evaluation,What is someone not legal to buy alcohol?,"['underage', 'banned', 'adult', 'rules', 'black market']",underage,21 is the legal age,21 is the legal age to buy alcohol in the US
5d99898aa689654fe8aa3c4a9c98fb7d,evaluation,"When you are expressing yourself by yelling after getting a bruise, what are you feeling?","['self pity', 'communication', 'understood', 'pain', 'embarrassment']",pain,bruise are caused by being hit by something,"A bruise is caused when a person is hit by an object forcefully --- such an action would be quite painful to the person, and people often yell when they are caused pain."
494b8316614fc64c5c27757aeaffce23_1,prompt,"A cat can't talk, but a cat can what?","['sleep all day', 'meow', 'shed fur', 'see king', 'live many years']",meow,the cat is a small carnivorous mammal,A cat can meow as a way to vocalize.
71519c19654251cced50c5718fd527c1,evaluation,What do you normally get out to get yourself a drink?,"['bucket', 'backpack', 'getting drunk', 'cup', 'cabinet']",cup,cups hold liquid,"A cup can hold liquids, and drinks are always liquids."
b5fe238d45e55ca5d802b7823ad390ef,evaluation,Where can someone get a flute?,"['orchestra', 'steal it', 'marching band', 'symphony', 'musical instrument store']",musical instrument store,store sells flute.,"A flute is a musical instrument, and it's therefore plausable that one could buy one at a musical instrument store."
6b819727eb8a670df26a7ffad036c119,prompt,"""There are 10 apples on an apple tree.  Three fall off.  Now there are X apples.""  What is this an example of?","['park', 'coloring book', 'garden center', 'math problem', 'gravity']",math problem,webmath is designed to help you solve,A math problem is usually posed as a question that requires some operation such as subtraction or addition to answer.
3eaee311e517a87d05b59309c57ba4cc,prompt,"A cat is wandering outside, where is likely to be found?","['floor', 'residential area', 'bed', 'comfortable position', 'family room']",residential area,"a cat is wandering outside, where is likely to be found residential area","A residential area is where cats often roam around, especially if they are thrown out."
5cae8057e75e3adf5c338a43b3ba97fb,prompt,"A boss may like an employee's ambition, so the employee may get put what?","['in charge of project', 'conquer opponent', 'go to school', 'begin work', 'webisode']",in charge of project,being ambitious means they will work hard to be good.,"Ambitious employees are likely to work hard and take leadership roles in a project, and this initiative is typically recognized by their bosses and rewarded by letting them be in charge of projects."
8144c8aed2c2fa534e089132131a1b41,evaluation,All the contestants had to wait turn for their chance to what on American Idol?,"['have patience', 'stand in line', 'sing', 'get ready', 'get in line']",sing,does taron egerton really sing in rocketman or elton john voice,American Idol is a singing competition.
388dada77986465f8e46410bd8a89d0e,evaluation,John asked for a tissue holder because he had a cold.  Where might he be?,"['car', 'resturant', 'convenient spot', 'airplane', ""dotor's office""]",airplane,airplane convenient spot,"An airplane is a place with very close contact with other passengers, and it is where you might transmit germs to others, when you have a cold. John might need a tissue from the tissue holder to blow his nose for his cold to prevent transmitting germs."
5172041c750d22e9a5081cc024de0fa6,evaluation,"When a person is looking at an altar, where might they be standing?","['at a cross', 'sanctuary', 'church services', 'ceremony', 'temple']",temple,altar is in temple,"An altar is likely to be located at a temple, and so if a person was standing next to an alter, they could likely be in a temple."
ae12d001cc347a623202114b89db35f1,evaluation,"The person was cold and wet, where should he go?","['building', 'back home', 'hospital', 'demonstration', 'bus stop']",building,building meaning in the cambridge,"An indoor space (with heaters, blankets, and warm showers) is likely to be warmer than this outdoor one, where the person became cold and wet."
af6b1c9158b185ee299d41c6deaf5876,evaluation,"The buffalo was hunted until it was scare, but after much effort and many years they are now what again?","['available', 'endangered', 'plentiful', 'common', 'abundant']",abundant,"the buffalo was hunted until it was scare, but after much effort and many years they are now what abundant","Animal populations get depleted via hunting by humans for sport, however conservationist efforts over multiple years can reverse this process to ensure that the populations are restored."
0ca177e008c994dae7695e79a1d77127,evaluation,"Boredom led him to go out to the bar, there were many characters there and he what?","['meet interesting people', 'play games', 'field', 'skateboard', 'listen to music']",meet interesting people,bars have people,"Bars are often patronized by a mix of locals, travellers, etc. Thus, if you are bored and sociable, meeting interesting people is a good reason to go to one."
67300a58441566e71a22923b78168a82,evaluation,Where is building likely to be rapid?,"['urban area', 'home', 'town', 'rooms', 'office']",urban area,urban area - wikipedia,"Because urban areas of can often be quickly expanding in terms of their population, housing/utilities/transportation buildings may be constructed rapidly."
3c4ea48ce584895fa85d5ee204e2444e,prompt,"A bad person places little value on being honest, acting without pretense or being what?","['excellent', 'upright', 'premium', 'competent', 'sincere']",sincere,this word is most relavant,Being honest is synonymous with being sincere.
af46ef0a03e38d7b3703728d96d5bf22,evaluation,After being stuck indoors all day breathing fresh air would lead to what?,"['feeling better', 'oxygen intake', 'think more clearly', 'happiness', 'feeling refreshed']",feeling refreshed,top 8 reasons you don't wake up refreshed,"Being stuck indoors all day, e.g., at an office, tends to make people feel stuffy. This stuffy feeling can be reduced by going outside for refreshing, fresh air."
59ab644f8b17f895df45bd7c1f7bf26f,prompt,"A big fountain was the center piece of the renovation, it had all been paid for by a grant to the what?","['city', 'state', 'front of casino', 'rome', 'public place']",city,"a big fountain was the center piece of the renovation, it had all been paid for by a grant to the city","Cities sometimes feature big fountains, which require large sums of money for construction, and this money usually comes from grants."
ac0462d09b9fddd40c3c77aedf48a870,evaluation,"John runs a small corner shop.   If you were walking on a sidewalk near it, where would you look for it?","['england', 'street corner', 'minnesota', 'arizona', 'iowa']",street corner,health complications,Corner shops often are run out of buildings on street corners.
38e3317e9338da76801eb2f2dbfec605,evaluation,"The ladies at the salon had plenty of curiosity, anytime someone came in they wanted to what?","['examine thing', 'go to market', 'attend school', 'hear news', 'bad news']",hear news,latest news headlines for turtle,"Curiosity is satisfied with information, and news provides information, and a newcomer usually carries with them some news."
2282e0c80be28aadadb79a822fec9dac,evaluation,Death Valley is in the North American what?,"['country', 'continent', 'west virginia', 'mountainous region', 'mountainous area']",continent,continent large area of land,"Death Valley is a desert in the USA, a country located on the North American continent."
206c7116ee2246180fcc0c5a1d0e7205,evaluation,Where are you likely to receive mouthwash in a little paper cup?,"['bottle', 'drug store', ""dentist's office"", 'doctor office', 'bathroom']",dentist's office,dentist's office is the room or house,"Dentists perform procedures in the mouth, and afterwards offer a small amount of mouthwash to clean out the patients' mouth."
6d2c9bccd706080f7808dcd699ac9eef,evaluation,Where does someone obtain a frying pan?,"['department store', 'homes', 'stove', 'kitchen cupboard', 'kitchen cabinet']",department store,department store sells a pan.,"Department stores usually sell kitchen equipments, and a frying pan is a kitchen equipment."
ad2fc6215c179ab6a880ee6c3e2f4b62,evaluation,"James and Ruth were getting a divorce.  It was amicable, but it wasn't happy.  There was a lot of what emotion?","['bitterness', 'sadness', 'depression', 'pain', 'anguish']",sadness,rivers flow trough valleys.,"Divorces are difficult, and even the amicable ones are sad as they signify the end of relationships."
e148c710d0c26849cf1f15293481038b,evaluation,The kids wanted to cool off so they all went to what?,"['manual', 'think', 'relief', 'calm down', 'go swimming']",go swimming,this word was most relevant.,"Especially during warmer times of the year, it's common for kids to go to pools to cool off, becuase swimming at a pool can cool down the body."
cd0c0ef3b8ce0eb09ff26823f6059be6,evaluation,"He enjoyed the factory work, he liked the idea that he did what for sale?","['earn money', 'introduction', 'create', 'workhour', 'produce goods']",produce goods,this option is better to this task.,"Factory work involves producing goods, and him liking the factory work indicates he might like producing goods."
2d5805d894bba224c5fe91e70b8c0f77,prompt,"A car was going from Florida to Ohio, what was it doing?","['roll over', 'head north', 'flying', 'speed up', 'heading north']",heading north,florida is the southernmost state,"Florida is to the south of Ohio, and you need to drive north to go from Florida to Ohio."
1837216ac7745121b82a6491b2318c09,evaluation,Where do people gather to see large men in pads play a game where they run and smash in to each other?,"['surface of earth', 'car show', 'football stadium', 'gym', 'opera']",football stadium,large is huge thing,"Football, a game often played at football stadiums, is a contact-heavy sport that requires the players (who are usually large men) to wear significant protective padding."
44195d210c81c8c550174d0edbd3ad5d,evaluation,What lawn is most likely to be on a street?,"['green yard', 'suburbia', 'golf course', 'front yard', 'michigan']",front yard,lawn on street,"Front yards face the street, and usually have lawns."
d32a45ab3b751110d0578a78e54c0e64,evaluation,Joe bought a bunch of grapes because he likes to use them to top his what?,"['make wine', 'shops', 'deserts', 'bowl of fruit', 'sunshine']",deserts,a desert is a barren,"Grapes are sometimes a topping for desserts, e.g., fruit tarts."
4a4de5b5ef68561e9a431f75f99063ed,evaluation,John put something on the night table.  But he forgot about it in the morning because it was unfamiliar. Where was he?,"['in jail', 'homes', 'hotel', 'furniture store', 'hallway']",hotel,all are sitting oin hotel,"Hotels are places where people sleep for a few nights when they are travelling, and so it's often the case that hotel guests would be unfamiliar with their room. Given that travellers are unfamiliar with the location, losing items, for example in a night stand, might be more common."
9d12366ba0280e101d0f4dc653bb720f,evaluation,Where can a human find body coverings?,"['phone booth', 'clothing store', 'workplace', 'swimming pool', 'closets']",clothing store,online shopping for women,"Human bodies are usually covered using clothes, which can be found for sale at clothing stores."
5f4417993230c9b229e1b1e95c00ee98,evaluation,What is something only humans can do?,"['hear sounds', 'drive cars', 'reproduce', 'make mistakes', 'excrete']",drive cars,animals can not drive,"Humans, unlike animals, cannot drive cars."
5a5da37b685ec9c6f15228128ce30437,evaluation,"Even if was clean and chlorinated, shallow water wouldn't make for much summer fun in your backyard what?","['lake', 'childrens pools', 'pond', 'swimming pool', 'puddle']",swimming pool,only chlorinated back yard item,"If a pool is too shallow, it might be difficult to swim in it; a common example of a shallow pool is a kiddie pool, which may be fun for children but not for adults."
56d28b341974d48dc6a052b1b3a8f31a,evaluation,"After being shipwrecked, Robinson relied on the huge tree to do what?","['falling down', 'provide shelter', 'bud', 'produce fruit', 'back yard']",provide shelter,rivers flow trough valleys.,"If one was stranded on a desert island after a boat crash, one of the things that you would probably seek out is shelter; things like trees and caves could provide cover from the rain."
4151bfac702ee16a6f923cb5c28f0fff,evaluation,Where does litter end up when it's tossed from a car?,"['roadsides', 'street corner', 'not in the garbage', 'park', 'ground']",roadsides,on roadsides litter ends up when it's tossed from a car,"If one was to toss garbage from a moving car, because the car is likely to be driving along a road, the trash would likely end up a few feet away on the road side."
4a463ca5b3485d87e256f287feb96128,evaluation,"What is something not optional, that I have to do?","['obligatory', 'mandatory', 'required', 'selective', 'compulsory']",obligatory,required by a legal,"If you are oblidged to do something, you might have made a professional, personal, or legal promise to do it, which, by definition, makes it not optional."
5cd7f44bbf730dfae5ef2a362d2e5149,evaluation,What can help you with an illness?,"['elderly person', 'sick person', 'hospital', ""doctor's office"", 'stomach']",doctor's office,rivers flow trough valleys.,"Illnesses can be cured via medications and care, which is provided by doctors and nurses who operate out of the doctor's office."
0e684d779d98e6eecda167c10af42bbb,evaluation,Where might an expressway leave the Us to go?,"['large city', 'canada', 'country', 'map', 'highways']",canada,is a country in the northern part,"In terms of international travel, freeways in a country generally could only provide access to neighboring countries, rather than those seperated by a large body of water. Because the USA boarders Canada, a highway could exist that connect them. "
f191f283d891fc8a17459ff0d077ac55,evaluation,James had trouble learning the French language because he never had any what to it?,"['attempt', 'exposure', 'study', 'effort', 'thought']",exposure,an inexperience with the language will make things more difficult.,"Inexperience with a language comes from lack of exposure to it, e.g., through a class or from living in a contry where the language is widely spoken. So, it might be difficult to learn French without being exposed to it (by studying, or living in a French-speaking country)."
ac12ab049a2219a38f1bd1e6cb184428,evaluation,Where might informational pamphlets be found?,"['health department', 'library', 'bookstore', 'drawer', 'mail box']",library,they're needed there,"Informational pamphlets can contain lots of types of information, e.g., about medical information, local attractions, advertisements, etc.; various types of these pamphlets could be available at a library."
4de19cbe4488c72fc8b3871e1d906224,evaluation,What signals when an animal has received an injury?,"['procreate', 'feel pain', 'a distress call', 'reproduce asexually', 'bite']",feel pain,the only option that has signals associated with it is feeling pain.,"Injuries cause the body to send pain signals to the brain, which focuses attention on the injury so that it can be healed."
5d13d23330db4c2179882309ef8161a1,evaluation,"James constructed a playroom for his children.   His place was small, so he put it in an unattached what?","['preschool', 'indoor games', 'nursery school', 'building', 'big house']",building,game playing areas,"James' house wasn't large enough for him to subdivide an existing room to serve as a playroom. To have enough room, he had to construct the playroom in a different, unattached building, like a garage."
b1f6dbfcd0a155e09e9e85a9c2ee2cfe,evaluation,What happens if lovers want to show affection?,"['kiss each other', 'show disgust of each other', 'argue', 'part ways', 'break up']",kiss each other,lovers want to show kiss each other,"Kissing is a sign of showing affection, commonly used among lovers."
3838df1b54661b3129b065ec363b81d4,evaluation,What sort of hall do you have a large meeting in?,"['church', 'conference', 'dormitory', 'large building', 'library']",conference,this word is more relevent,"Large meetings are often called conferences, and conferences can take place in conference halls, conference rooms, etc."
807a3a2dabdd50ed0c76052fd2612632,evaluation,What do people do sometimes when they find a good deal?,"['race cars', 'believe in god', 'fight each other', 'fear death', 'murder each other']",fight each other,they are definitely fighting each other,"Malls sometimes have sales, e.g., on black friday, when they offer good deals; however, the items are sometimes in limited supply, which can cause altercations between folks, each trying to buy the same item."
45d0ea781ffd49b07d6eae94d47a8945,prompt,"A bug was looking for wildflowers and no human interruption, where did he go?","['garden', 'meadow', 'bug zapper', 'rug', 'rock']",meadow,rivers flow trough valleys.,"Meadows are usually not human-owned or attended, and tend to have wildflowers."
f0ecb880a1cdeeb71fb6b616549e71e5,evaluation,What could you do inside but not outside if you have boredom?,"['skateboard', 'hang out at bar', 'laugh', 'go skiing', 'watch film']",hang out at bar,most bars are inside,"Most  bars that serve alcohol are inside of buildings, and so, usually, hanging out at a bar is an activity that could only be done inside. Exceptions to the ""bars are inside"" rule include: rooftop bars, and oceanside bars on beaches."
a30d255aba2d1a7f71ae8491c9b792df,evaluation,What gas vehicle uses a chain to move the back wheel?,"['gear shift', 'bicycle', 'car', 'tow truck', 'motorbike']",motorbike,its the only machine that uses a chain,"Motorbikes are propelled by a chain that extends from the engine to the wheel, thus, enabling the bike to move forward when throttled."
77181e959e2cc9d61ca7ca168b86e1ac,prompt,"A boy is leaving line because he's tired of listening to the teacher's orders, what might the teacher give?","['punishment', 'utter chaos', 'trouble', 'have to start over', 'high five']",punishment,punishment for disobedience,"Not listening to a teacher's orders is usually considered a sign of lack of discipline and obedience, as a remedy to which teachers often give out punishments to discourage similar behavior in the future."
f024f923d78e5c0a4c0c4baa3ddccf05,evaluation,Why might a person go to get counseling?,"['to be heard', 'receive gifts', 'understand themselves', 'good things in life', 'acknowledgment']",understand themselves,"try this technique 11,00","Often, the goal of therapy is to better understand and manage the people and problems in one's life; a step towards that understanding often involves exploring and accepting one's self."
38a514fe54108527e1d6e89d9812da93,evaluation,Where could you put some olives to prevent them from getting nearby food wet?,"['eaten', 'glassess', 'jar', 'pizza', 'refrigerator']",jar,jar is mainly used for storing purpose,"Olives are stored in brine, and to prevent the brine from leaking from the container, an appropriate choice might be a water-tight jar."
eac3a4080127e8924034651b57dfa289,evaluation,"James shaved, but this left a lot of hair where?","['arm', ""person's head"", 'floor', 'sink', 'moustache']",sink,health complications,"People usually shave at the sink, and shaving leaves behind discarded hair."
88f727f3ac4b72ebee9b83f09c83b202,evaluation,"The electricity went out, and people couldn't see during worship, where were they?","['concert', 'garden', 'bedroom', 'church', 'opera']",church,the church is the place where they were.,"People worship at churches, synagoges, mosques, and shrines; so, if the power went out at one of these locations, the lights might go off, which would make it difficult to read scriptures, or pray."
db2c7d0528e1f38faa8e27579ed5a7c2,evaluation,"She began to play violin at a young age, she had a passion to do what?","['inspiring', 'like music', 'be musician', 'make music', 'tune']",make music,b and c are also correct,"Playing a violin is a way of making music, and if someone begins an activity at a young age, they probably have a passion for that activity."
2681697be70cd5425899ed6deb84b18a,evaluation,"A person notices popcorn, cotton candy on the grass, where is he likely?","['soccer game', 'fairgrounds', 'movie theatre', 'countryside', 'state park']",fairgrounds,"a person notices popcorn, cotton candy on the grass, fairgrounds.","Popcorn and cotton candy is frequently sold at fairs, and people accidentally leave them behind on the ground as they are distracted by the fair. Fairs are held in large open spaces where the ground is grassy."
bdf437d7498815f36c255f64a8e6571c,evaluation,"When remembering a tragedy in the past, what do many people feel?","['depression', 'pain', 'nostalgia', 'knowing', 'knowledge']",depression,this word is most relavant,"Remebering a past tradedy can resurface feelings that arose in response to that tragedy. Because tradgedies are not positive events, it's possible that sadness and depression could arise from remembering it."
e19bd03a270da6264b4dfdf1165a2f27,evaluation,What to living things do to continue their species?,"['communing', 'reproducing', 'palpitations', 'perspiration', 'respiration']",reproducing,is the biological process,"Reproduction involves giving birth to new members of the same species, and therefore ensures continuation of the species."
e10d4fd4160ddcbed869cfda54292c76,evaluation,"The deep fryers used gallons and gallons of oil a week, the location was the busiest what in town?","['service station', 'restaurant', 'street', 'ground', 'auto parts store']",restaurant,restaurants have deep fryers that use much oil,"Resturants will often have deep friers, which are appliances that require cooking oil; if the restaurant is busy, the oil in the frier may require frequent replacement."
9ed3af82152dfcd7000bf4631b095f71,evaluation,How would someone feel after going for run?,"['working out', 'sore', 'get tired', 'satisfaction', 'falling down']",get tired,someone get tired after going for run,"Running is a physically demanding activity, and aftering doing such an activity, most people would feel tired."
7f0e92129cc58754d5673a828508598b,evaluation,"If someone is fiddling a sad tune, what is the song likely about?","['troubles', 'unpredictable', 'joy', 'being happy', 'discovery']",troubles,troubles if someone is fiddling a sad tune,"Sadness is caused by the troubles and tribulations of human existence, and is sometimes alleviated by listening to songs written about these troubles, which make one feel less alone in their troubles."
3a1b3c21a11f4ec53c166b0559df7369,prompt,"A John is a bum.  Much like the stereotype, he lives near this sort of transportation infrastructure. Where does he live?","['bus depot', 'beach', 'train station', 'bridge', 'bridge']",bridge,bums are well known to take up residence under bridges.,bums are well known to take up residence under bridges.
18ad84abec6d00c77d1f05ddbb027fee,prompt,"A bald eagle flies over St. Paul, where is it?","['texas', 'thermal', 'minnesota', 'canada', 'photograph']",minnesota,st.paul is a county in minnesota,st.paul is a city in minnesota
a069d8b9fcef65c2b86bfe3512050d77,evaluation,What do most people have on their feet?,"['shoes and socks', 'floor', 'table', 'surface', 'desk']",shoes and socks,it is very common for people to always wear shoes and socks.,it is very common for people to always wear shoes and socks.
9cf4d84594cbb1ea2dbf3c6377c41f66,evaluation,"A shark is stuck in a lake, where does it need to go provided it isn't a bull shark?","['medium', 'saltwater', 'sea world', 'atlantic ocean', 'seawater']",saltwater,"most lakes are fresh water, sharks normally live in saltwater.","most lakes are fresh water, sharks normally live in saltwater."
59a266f8f53e5d0aee4ed7c8804533f2,evaluation,Where can you find people trying to alleviate suffering?,"['hospital', 'hockey game', 'apartment', 'kitchen', 'water cooler']",hospital,a hospital is the only place where sick or injured (suffering) people would go.,"Sick and injured people are often suffering because of medical problems. To solve these problems, they might see a doctor at a hospital."
2f819156c784ff109e4c734e87619f21,evaluation,Two people were hanging around the quick stop.  They were getting hungry.    What might have they been doing?,"['eat eggs', 'smoke pot', 'believe in god', 'make tools', 'writing']",smoke pot,cannabis makes people hungry,"Smoking cannabis frequently causes people to feel hungry, and it wouldn't be uncommon to see people smoking outside of a convinence store like the quick stop."
e40b4a354bb9adea3206dacf256a6d6b,evaluation,Where would I go to see a musician playing a snare drum in a theater?,"['drum kit', 'piano', 'high school band', 'marching band', 'orchestra']",orchestra,musicians playing in a theater are in an orchestra,"Snare drums are instruments that can be played by members of orchestras, and if an orchestra was performing, it might be inside a theatre. So, a musician in an orchestra might be playing a snare drum in a theatre."
d9227722f213199e15d4e23c95a349cc,evaluation,"The dairy cow farm was special, it provided all the milk for the big chocolate company from where?","['ranch', 'tennessee', 'barnyard', 'switzerland', 'antarctica']",switzerland,the dairy farm that provided all the chocolete milk is located in switzerland,Switzerland is a country known for its high-quality chocolate production; it's likely that high-quality Swiss chocolate could be made from special dairy farms in Switzerland.
d5aa464a16b72c9b9f3091abd461e3ef,evaluation,What might a teacher do most during a week?,"['demonstrate', 'eat lunch', 'time test', 'work in school', 'school children']",work in school,rivers flow trough valleys.,"Teachers are usually employed at schools, and most people work during weekdays."
69267758203a92419e57a294a95a389f,evaluation,Where would you find a telephone directory in public?,"['office', 'house', 'phone booth', 'kitchen', 'amusement park']",phone booth,the only option that resides in public is a phone booth.,Telephone directories can be found in phone booths because people often want to look up numbers before making calls; phone booths are accessible to the public.
d423b350c6a6ea5a4628b619f07ec827,evaluation,"The Andes pop up through many countries, alphabetically starting with where?","['ecuador', 'peru', 'colombia', 'bolivia', 'argentina']",argentina,argentina is a country,"The Andes are a large mountian range that passes through many countries; in the latin alphabet, the letter A comes first. It turns out that Argentina is the alphabetically-first country that the Andes pass through."
388a363c49e1b0aca8eaf18ccdde0caf,evaluation,Where can someone view a county highway as a line?,"['from the sky', 'map', 'cross counties by car', 'country', 'michigan']",map,view maps and get driving directions,"The only context in which an entire county road could be represented meaningfully as a single line would be on a map, e.g., a map of roads in the county, or a GPS application on a smartphone."
6151ee8ee2311bf3e91075f400078426,evaluation,"Lilly loved peace and quiet, but she couldn't find any where she lived.  She took drastic measures and went somewhere for solitude. Where did she go?","['library', 'home', 'top of mountain', 'sea', 'grocery']",sea,lily found peace and quiet in sea.,"The sea can be a quiet place: for example, if you sail on a boat alone, or if you are living by yourself in a quiet beach community. By moving to the sea, Lily escaped her current, noiser living situation."
de4d72dc43a9c3856f474256852d1d07,prompt,"A cat wants to sleep, how will it lay?","['comfortable position', 'floor', 'residential area', 'family room', 'upside down']",comfortable position,they want to be comfortable while they sleep,"To sleep, a cat will lay in a certain position that they find comfortable."
d8411bda4891b61d161ff5ca4b6bc0b7,evaluation,Billy was a student taking a course in communications.  Where might he be taking his classes?,"['every aspect of life', 'library', 'in a movie hall', 'classroom', 'university']",university,a university is where one takes courses.,"Universities commonly offer a ""communications"" major, and because students need to take relevant classes to complete their major, many classes on the subject take place at universities."
d7c8377953e0175ef57d59f3a8e63a8e,evaluation,What place could have one back garden?,"['police station', 'city', 'town', 'england', 'house']",house,big houses would have this,"Unlike apartments or most condominiums, larger houses are likely to have yards behind the house, and these yards are likely to have gardens (i.e., ""back"" gardens)."
380ce2ad5f5e9b4dbacaba6cce4af63b,prompt,"A beaver is taking logs from a Pacific beach, where is it located?","['washington', 'ontario', 'books', 'canada', 'in russia']",washington,washington is the only place in the list that has pacific beaches,"Washington is a state in the United States which is located on the Pacific ocean coast, and if the beaver is on the pacific beach, it is very likely to be in Washington."
28ca5cbe27774746c34f6ebe84fc6d0c,evaluation,Where can someone get well water?,"['oil field', 'field', 'countryside', 'kansas', 'ground']",ground,this is better option,"Well water is a type of water extracted from a deep hole in the ground, i.e., a well. Thus, well water ultimately comes from the grond."
b2fbeb0b48bd5e575af0f7dc24cdd85d,evaluation,What does someone who has a greed for energy do?,"['cause businesses to grow', 'get', 'lie', 'buy food', 'win']",buy food,someone who has a greed for energy need buy food,"When consumed, food provides energy and satisfies the greed for it."
9c583bcbe68989a644433302545fb31e,evaluation,John rented a hotel room while on a business trip.  It was a a company sponsored event.  Where might it have been?,"['convention center.', 'business interviews', 'michigan', 'resort', 'city']",resort,rivers flow trough valleys.,"When people travel for work, it's often the case that their companies will pay for their accomodations, like hotel rooms, meals, etc. It's common for companies to pay for fancy accomodations, e.g., at resorts, to keep their employees happy."
c2269c9801e6cc8842112c8718f81791,evaluation,That person next to me is always on her cell phone.,"['feel important', 'know what time', 'talk about themselves', 'issues', 'own house']",talk about themselves,you have any friends who talk,"When someone talks on the phone, they may discuss various topics with their conversation partner, e.g., themselves, and what's going on in their lives."
bdd05e96876342b4b5999709439a7f4e,evaluation,When in a serious relationship understanding better requires what?,"['effort', 'consistency', 'thinking', 'time', 'knowledge of']",effort,"effort synonyms, effort antony","When two people are in a romantic relationship (particularly a long-term one), they can often get complacient and comfortable, failing to put in the effort to communicate and understand one another."
d49c73fba9b336ee7d0c160acc846a73,evaluation,What do people feel in the winter?,"['use money', 'sick', 'pay bills', 'feel cold', 'become old']",feel cold,gritting your teeth,"Winter is a very cold part of the year in many places, and winter weather might make people feel cold."
c4494b402264250dc70931613d482295,prompt,"A battleship is a powerful vessel.  If you need something similar but faster, what would you use?","['yatch', 'corvette', 'aircraft carrier', 'destroyer', 'patrol boat']",corvette,"if you need speed, corvette is the answer.","Corvettes are very fast cars. Because cars are more lightweight than battleships, they are faster."
89afdea1d76272fda8e1538a7d3b7a3f,prompt,"A bride and groom are taking care of proposals, what is the likely ceremony?","['efficiency', 'getting work done', 'marriage', 'finishing up', 'results']",marriage,the term bride and groom is mostly associated with a marriage ceremony,the term bride and groom is mostly associated with a marriage ceremony
19ca59c0e5f22bf77af0d592cef49939,evaluation,Where could you find a library that only people of a certain age usually visit?,"['house', 'college', 'kindergarden', 'school', 'downtown']",school,library is a collection of book,"A school educates children, which are people of a certain age. A school library is visited by children who attend the school."
ca0fcf046a8fcecd507850b63ad12423,evaluation,"A mail service will often drop packages off, but also do what with them?","['open them', 'lift up', 'picking up', 'catch', 'pick up']",pick up,pick up definition and meaning,"A mail service can both drop packages off to customers (delivery), or pick them up from customers for mailing. "
f34267f498c8a78383e35057fbcfa2ce,evaluation,"Teachers play many roles such as babysitter, but they get the most out of just simply doing what?","['answering questions', 'teach children', 'writing', 'talk too much', 'open boxes']",teach children,"teachers play many roles such as babysitter, teach children.","Teachers' main profession is to teach children. This is what they are trained for, and likely enjoy doing if they have chosen the job."
c0013f31657294b9b5ad819123513ca7,evaluation,"Randy was suffering from great hunger and he didn't even need cheese or toppings, he just wanted to what?","['eat hamburger', 'prepare meal', 'eat breakfast', 'cook dinner', 'buy food']",eat hamburger,hunger is dangerous,Hamburgers often contain cheese or other toppings. Someone who is very hungry may not want those extra toppings so that they can eat the hamburger as soon as possible.
7e8a6eac93147eb52d8151bab7b40003,evaluation,How does a police officer report his work?,"['charge person with crime', 'case', 'computer', 'direct traffic', 'retire']",case,police reports are filed via a case.,A police officer reports his work by filing a case.
90226a6ecd7308ae1e6220a15ae24bc6,evaluation,"The family wanted to live with carpeting, so where did they end up putting it?","['istanbul', 'fireplace', 'gym', 'houses', 'bedroom']",houses,you live in a house.,"Families often live in houses, and houses have floors that can be carpeted."
ebf347934a3e90ea46d3d87726fb5d25,evaluation,"The graveyard was zoned by the pastor, where was it located?","['church property', 'every town', 'church grounds', 'cattle yard.', 'arlington']",church property,rivers flow trough valleys.,"Property managers zone their properties. A pastor manages his church's property. If he is zoning the graveyard, it must be on his church's property. "
e0ef8142a32228a3076218d2c0155c36,evaluation,What is the payment collected on a toll road designed to do to the condition of roads?,"['good repair', 'new jersey', 'eastern united states', 'connecticut', 'potholes']",good repair,payment were collected to repair roads,Payments are collected to improve the condition of the toll roads. This is done through road repairs.
9bdfb101c487ac598f6e4686cf774703,evaluation,Where might you use a forklift to stack boxes onto shelves?,"['loading dock', 'construction site', 'supermarket', 'construction yard', 'warehouse']",warehouse,the workflow is very heavy.,"A warehouse is generally used to store goods, which can be heavy and be stacked on high shelves. Forklifts can assist humans at lifting heavy objects, especially to high places."
e6b67184b99375d05d3f2887f684c684,evaluation,"Returning to work was easy for Dan.  He had liked doing nothing for weeks, and after his treatment he was complately what?","['sobering', 'work', 'painless', 'malaise', 'boredom']",painless,painless electronic facial hair remover shaver for women at rs 899,"The question insinuates that Dan was away from work on medical leave, since he had a treatment during this time. One common reason to have a medical treatment is to relieve pain. "
9ec29f101f97d7d24b562e3af4df4c1b,evaluation,Where would someone have to carry their brass instrument while they played?,"['punk rock band', 'marching band', 'brass band', 'annoy mom', 'jazz band']",marching band,rivers flow trough valleys.,"A marching band is a band that plays brass instruments while marching. Due to moving, members of the band must carry their instruments."
1e4ef6ee33ba4555a63da4d2f9ec918b,evaluation,"The calm seas weren't going to stay that way long, their sails filled as it got what?","['disturbed', 'stressed', 'give up', 'windy', 'flustered']",windy,windy.com on the app store,"Wind often makes a sea choppy, the opposite of calm. Sails fill with wind. "
63ecae5ec728ad57ab0907229484fdd5,evaluation,What is a reason to pay your television bill?,"['informative', 'dead', 'legal', 'entertaining', 'obsolete']",legal,this is better option,One reason to pay your telephone bill is that you are legally obligated to. The telephone company can send a debt collector after you if you do not pay it.
d135a4844e231366e00eaac1a56ec429,evaluation,Much like a bicycle a chain drives the back wheel of a what?,"['gear shift', 'jewelry store', 'tow truck', 'motorbike', 'saloon']",motorbike,in motor bicycle chain is used to drive,"A motorbike is a motorized version of a bicycle. Like a bicycle, it has one front wheel and one back wheel, each run by a chain."
381b11c54be4cc432a95053ca34cbf6b,evaluation,In a predicament an animal might choose flight or what?,"['leave home', 'hunt for food', 'smell prey', 'feel pain', 'fight for life']",fight for life,in a predicament an animal will fight with other for life,"The expression ""flight or fight"" comes from animal behavior when faced with a threat. To fight for one's life means to face the threat head-on."
1dbfb41e04a10bdbb085bfe667c0df99,evaluation,How can a company efficiently sell things to their customer?,"['sell', 'branch out', 'own factory', 'ship goods', 'mail order']",mail order,to maintain some efficiency,"Mail orders are an efficient way to sell things to customers, because a company simply has to pack up and mail the items to a customer, rather than paying and setting up a brick-and-mortar store. A postal service can perform delivery, saving the company time and resources."
19c17dfeceb5941c70f755439a0314f4,evaluation,Where do airplanes usually go?,"['war', 'aircraft carrier', 'crash', 'taxi', 'sky']",sky,airplanes usually go sky.,"Airplanes are designed for air travel, and thus must go into the sky to fly."
311e343ebc62c13735781744eb2b7b77,evaluation,Sam and June bought loose corn because it was less expensive than what other variety?,"['footloose', 'bound', 'packaged', 'cobbed', 'compact']",packaged,only valid form of packaging,"Corn can either come loose or packaged. Packaged corn is pre-prepared by grocery store employees, so it is generally more expensive."
e8aa8828812e375dcd905e04f065602b,evaluation,How can someone listen to vinyl?,"['record store', 'car', 'omlinr', 'wallpaper', 'record albums']",record albums,its the only thing made of that material that plays sound.,Record albums are also called vinyls. One must own a record album in order to listen to vinyl.
ca94a7a2db2427000631de54f68f251f,evaluation,He ordered his men to go forth and drive the enemy which way?,"['straightforth', 'back and', 'reverse', 'forward', 'backwards']",backwards,letters - wikipedia,"When one drives away the enemy, the goal is to keep them from advancing forward and claiming more land, instead sending them back the way they came."
2610d30e09ffe52d8b422434eaba062d,evaluation,Where do people often keep a bag from the grocery store?,"['grocery store', 'drawer', 'shelf', 'supermarket', 'shopping cart']",drawer,bags were kept in grocery store,"People often keep bags from the grocery store in a drawer, as these plastic bags are useful for many purposes but also can be crumpled up quite small."
986a554da982357084c3d77f89a9020c,evaluation,What do a string of words with a proper noun and verb form?,"['english', 'dictionary', 'phrase', 'sentence', 'language']",sentence,rivers flow trough valleys.,"A sentence is a set of words which cohesively form a syntactic unit. This generally requires a subject in the form of a noun, and a verb."
fcfbf207c5586294fdce33b645b613f1,evaluation,Where does water in the sky come from?,"['space', 'rain cloud', 'surface of earth', 'wishing well', 'lake or river']",rain cloud,rain comes from water.,"Water in the sky falls from rain clouds, where moisture in the air is collected."
f149604169936a30b7e4c8d599d604b5,evaluation,"She was a human in America who wanted to live well, what was a given for her situation?","['think critically', 'need money', 'say hello', 'think critically', 'drink tea']",need money,this word was most relevant,One needs money to be able to live well in America. 
cac490541d161f278fa0dda9958d9ed0,evaluation,"Luke was a human. Like most humans, he learned from his parents.  He was mortal, but he could preserve himself by doing what?","['ocean', 'write', 'smile', 'die', 'think critically']",write,people live on when someone read the words they wrote,People often consider writings to be a way to preserve one's history. People can live on in the memories of future people reading the words they wrote.
e75f1e6da82e45b5d51713bbc615c52e,evaluation,What could you find moving in a ticket office?,"['humans', 'movie theaters', 'city', 'animals', 'stadium']",humans,this word is most relavant,Humans go to a ticket office to buy tickets. They are often walking forward while waiting in line to buy the tickets.
47f60340b869552e795fa6782224f3d2,evaluation,What happens when snow on a mountain becomes heavy?,"['build really neat fort', 'avalanches', 'shovelling', 'eat cake', 'blizzard']",avalanches,avalanche | national geographic society,"An avalanche occurs when pieces of ice or snow go rolling down the side of a mountain in great force. This can be caused by snow becoming heavy, because gravity will pull the snow downward."
ff7ca9c294f1bba7900a35669b4b6163,evaluation,"If you didn't find any plants on another planet, where might you look to find some?","['surface of earth', 'park', 'greenhouse', 'windowsill', 'ice burg']",surface of earth,this word was most relevant,"If plants were to exist on a planet, they would be on the surface."
ae9f6f1e17b3fdd3a86b494933809f45,evaluation,"Index cards were on display at the museum, what kind of museum was it?","['office supply store', 'library', 'card catalogue', 'oral report', 'park']",library,rivers flow trough valleys.,"Index cards were used by libraries to catalog before the advent of computers. A museum generally displays historical items, and index cards were an important part of libraries in the past."